Region,x,y,score,year
PAR,787924,1201890,0.766789,2240
NE,2317990,2105620,0,-1
ATL,1715120,974134,0.0617112,1360
CO,1220650,2050600,0,1932
EAM,1047970,2977450,0,-1
