Region,x,y,score,year
PAR,787924,1201890,0,2790
NE,2317990,2105620,0.828276,1721
ATL,1715120,974134,0.00111169,1964
CO,1220650,2050600,0,2813
EAM,1047970,2977450,0,2907
